"","CgCn","Mmry","Subject","Age"
"1",-0.453617921800145,-0.118958823644568,1,11.99
"2",0.546042018554824,0.17377212166359,2,16.01
"3",0.361373067412686,0.437484701802108,3,17.97
"4",0.799206193944269,0.398236521141235,4,13.07
"5",-0.829225476933973,-0.292068560502881,5,9.17
"6",-0.763153263954056,-0.455160213794557,6,9.83
"7",-0.598950547054814,-0.13318022764392,7,11.59
"8",-0.424994230367099,-0.0932715114247026,8,14.4
"9",-0.146990884281018,0.15459704842085,9,15.21
"10",-0.50719100842084,0.138064795809747,10,18.42
"11",0.724423992864967,0.0696052661740258,11,19.14
"12",0.296480236703507,-0.0646879433969888,12,16.8
"13",0.640566000028045,0.419369179177414,13,15.34
"14",-0.431784743041249,-0.399612763580337,14,9.37
"15",0.790759333033169,0.535889293327998,15,17.47
"16",-0.111381107674292,-0.0348780430639947,16,18.36
"17",0.554355371346966,0.0579395716431043,17,14.98
"18",0.721172461504446,0.247318819892477,18,18.05
"19",0.582093061578432,0.288160631228609,19,20.01
"20",0.825795963076307,0.413407204638006,20,18.22
"21",0.412722079343539,0.399884773095664,21,13.41
"22",0.93974103300338,0.735363146656139,22,18.96
"23",-0.246027846915459,-0.144572462060256,23,14.71
"24",-0.894935971050044,-0.724910917833602,24,10.25
"25",0.434871202976248,-0.156820137614768,25,11.21
"26",-0.871731690924579,-0.675420961617246,26,9.02
"27",-0.767329123237291,-0.666536730212886,27,11.35
"28",0.256418711511724,-0.0389044563703289,28,10.71
"29",0.238065823667454,-0.34811159971538,29,9.57
"30",-1.10583741261282,-0.545877760448231,30,8.75
"31",-0.0638699946778412,0.121199923533567,31,8.87
"32",1.32703955452887,0.969708344538235,32,19.02
"33",-1.04266863580972,-0.715758574825151,33,9.99
"34",0.406077525741521,0.428892881450743,34,15.14
"35",-0.503039273641606,-0.228001971251544,35,12.26
"36",-0.107099912307064,-0.157953858382949,36,10.76
"37",0.812626610329257,0.224464565970252,37,15.04
"38",0.0389187891640355,0.0493001255157453,38,19.05
"39",0.727766516164312,0.258803394778789,39,13.86
"40",0.272072120251027,0.271671798540418,40,15.98
"41",0.236866134492808,0.263689227839674,41,13.76
"42",-1.17011679322158,-0.617768955477087,42,11.96
"43",0.336620332633637,0.0650782944792528,43,13.68
"44",0.985605743175291,0.835748098485047,44,13.7
"45",0.795542886932241,0.814716522689973,45,17.76
"46",0.892608047103725,0.536504023282419,46,16.58
"47",0.127532004228026,-0.0985909549293879,47,9.52
"48",-0.303673496162531,0.00072969034902623,48,14.17
"49",-0.568060125791085,-0.279924442176383,49,12.6
"50",0.486271481756672,0.102828992657033,50,13.37
"51",0.876999762632893,0.795266782285192,51,16.95
"52",0.442044830900485,0.506001555490913,52,14.02
"53",-0.368039469987171,0.123970448036828,53,8.69
"54",-0.508192108670336,-0.239727533092447,54,10.56
"55",1.0014613539463,0.972292964163675,55,19.87
"56",-0.341961937034741,0.0733598591896023,56,13.01
"57",0.506884524949207,-0.0552116598674355,57,13.93
"58",-1.35222606343873,-1.17995207392206,58,10.31
"59",-0.941071894382897,-0.482012398044669,59,12.35
"60",0.161355313541737,0.239284329883923,60,12.71
"61",-1.24603470200362,-0.578364766949263,61,10.14
"62",0.227521636977915,0.0762291550888384,62,10.97
"63",0.132961130784429,0.166710348221608,63,10.9
"64",-0.0320782100758921,0.251778148345411,64,11.71
"65",1.11530328050429,0.770213997299436,65,20.8
"66",-0.573336545053368,-0.352449696253681,66,8.65
"67",-0.197398844499865,0.0848343222115288,67,8.81
"68",0.932398450847384,0.123499501337635,68,15.16
"69",0.828828769768072,0.345751756327047,69,18.83
"70",0.942483239862234,0.616554924673064,70,19.06
"71",-1.21069462751138,-0.554138595970401,71,8.96
"72",0.2689388455538,0.609797989594933,72,17.96
"73",0.441954795860132,0.132626870968467,73,9.23
"74",-0.111676015416506,-0.0763042338456748,74,16.58
"75",0.215508611626372,0.334769642234968,75,13.56
"76",0.816513048444609,0.822844843342476,76,18.46
"77",1.01060018853987,0.792796906409029,77,14.72
"78",1.02682297491687,0.496192143021798,78,15.65
"79",-0.0895814482384075,0.262688580143993,79,11.89
"80",-0.374311016141498,-0.161913517029106,80,12.5
"81",-0.703340502312891,-0.41012059621344,81,11
"82",-0.96300980794831,-0.500244085288713,82,8.89
"83",0.911243811081873,0.429536707105355,83,18.24
"84",0.0447877337142026,0.126069763653153,84,11.71
"85",0.256643143777762,0.349914324662768,85,14.78
"86",0.909693332126373,0.713188371882885,86,21.71
"87",-1.12043534342757,-1.1111625811048,87,9.64
"88",1.15376644251806,0.419062650804016,88,14.2
"89",0.980653582578443,0.791717069479848,89,17.57
"90",0.30027289442894,0.235627173012508,90,11.24
"91",0.334643875067022,0.316981216168,91,13.78
"92",1.1128183155129,0.518997234046346,92,20.9
"93",0.302207069796366,0.346519771841357,93,17.43
"94",-0.0487039253736245,0.247749261129404,94,13.81
"95",0.630230416767982,0.343267080976544,95,17.68
"96",0.237212898987121,0.439582440095515,96,17.16
"97",0.785619737897194,0.54767327512408,97,19.52
"98",-0.402747375406686,-0.344630136638357,98,8.77
"99",-0.780941682948576,-0.608645888106697,99,8.74
"100",0.106953329504997,0.337252297560317,100,11.45
"101",0.739052154428767,0.605733643202793,101,17.37
"102",-0.016202910108641,-0.0506250552773302,102,20.49
"103",-0.724621663560026,-0.450752715916891,103,9.03
"104",0.409887960199863,0.61259203253809,104,16.57
"105",-1.19570929872371,-0.751608004951121,105,8.67
"106",-1.11758794179429,-0.592543929706939,106,8.02
"107",-0.39152968688352,-0.243082463858108,107,9.02
"108",-1.20701957980165,-0.913910163875331,108,8.1
"109",1.17344978855441,1.06001377941249,109,21.16
"110",-0.0514610828277208,0.104954035103944,110,16.03
"111",0.0562547881409789,0.18881768003109,111,12.71
"112",0.115276006489392,0.382589784693955,112,21.38
"113",-0.164872531436466,-0.150362932341378,113,19.79
"114",-0.265690307017434,-0.304448289886954,114,9.99
"115",-0.541688202817333,-0.290758077027491,115,10.43
"116",-0.493113987680631,-0.292985800578653,116,10.52
"117",-1.21879469434904,-1.11284025298147,117,10.31
"118",0.117934504493823,0.117974695546438,118,10
"119",0.890724662460414,0.396462950339273,119,16.83
"120",0.238203928432133,-0.098604134655596,120,12.19
"121",0.555008218751372,0.466364321011436,121,16.34
"122",-1.33636782363865,-0.876576016608045,122,9.03
"123",-1.19297448712304,-0.991889478890763,123,9.15
"124",0.18117703782321,0.404885640442178,124,10.72
"125",-0.262995652416399,-0.297740055388438,125,13.9
"126",-2.55210730516834,-1.95279947383127,126,8.68
"127",0.246726849933368,-0.158467789958865,127,16.21
"128",0.603105467141375,0.242866322864124,128,20.79
"129",-1.15153424547829,-1.15400094437972,129,8.39
"130",0.383098552771677,-0.0108573738109196,130,17.15
"131",0.252646893881002,-0.11164612967427,131,11.2
"132",1.03198320515814,0.629390956656328,132,20.66
"133",0.15754617635011,0.582812297179376,133,14.77
"134",0.138841836216065,0.272669302976386,134,11.31
"135",-0.324048894636182,0.0357430351674885,135,9.99
"136",0.978444518058158,0.666142137543488,136,20.91
"137",0.876921082073813,0.349800613625939,137,13.43
"138",0.372671657797295,0.0174842706317689,138,20.93
"139",-0.436562521166625,-0.223290427125005,139,19.94
"140",-0.165296790310032,-0.144863631250172,140,10.02
"141",-0.0275778307438962,-0.0169871286043113,141,17.66
"142",0.283490592786719,0.63083044763294,142,18.06
"143",0.0811795868158138,0.224398750197606,143,13.27
"144",0.992196410051084,0.141813879743703,144,12.82
"145",-0.37409286239038,-0.136708702797092,145,10.36
"146",-0.0338975370086642,-0.496439435322225,146,17.11
"147",0.593769347028703,0.396366031855104,147,21.89
"148",0.992987641559324,1.02731156731609,148,21.8
"149",-0.884354871947225,-0.32396534205835,149,10.97
"150",1.15730408652907,0.311090627149423,150,18.98
"151",-0.60017374198182,-0.370131752629366,151,8.11
"152",-1.11125503428607,-0.918102400389321,152,8.15
"153",-0.463791255364857,-0.15934990075013,153,9.36
"154",0.170149189405481,0.613617275160463,154,16.83
"155",-0.050073649710016,-0.189288704357036,155,13.89
"156",0.19431906344117,0.000192128883907742,156,20.28
"157",0.378423833114836,0.371198302688348,157,14.8
"158",0.516900754877967,0.382762342642175,158,17.11
"159",0.361231686325488,0.400982146320941,159,11.81
"160",-0.345840829334303,-0.438379018964226,160,9.05
"161",0.425387203245176,0.18450817559206,161,14.2
"162",-1.75115722668131,-1.06732183211871,162,8.24
"163",-1.02385106394318,-0.978974312982128,163,11.41
"164",0.872784018563688,0.749905355037854,164,16.91
"165",-0.737781412567913,-0.250959844164251,165,11.89
"166",0.31967041733544,0.0698357754797697,166,18.81
"167",0.654438056500167,0.512217468300884,167,11.33
"168",0.0707882058631929,0.0600373028199017,168,10.65
"169",-1.84733396833152,-0.978266737238792,169,8.67
"170",0.92115182048398,0.779181250876782,170,11.09
"171",-0.989070834417409,-0.558120948120942,171,8.66
"172",0.21825856260658,0.0118868718048498,172,20.32
"173",0.0369011071437399,0.264739313800696,173,17.1
"174",-0.340330644045777,0.10312713897455,174,12.04
"175",-0.414589588815694,-0.696640247455332,175,9.48
"176",-0.428513234420389,-0.225834163546339,176,12.53
"177",-0.261849340163384,-0.339407232983581,177,16.85
"178",0.666189326045716,0.361269747653547,178,16.35
"179",-0.0978204269789805,0.0699932719324297,179,19.57
"180",-0.80825768379302,-0.315524785831861,180,11.57
"181",0.861901561848585,0.395818599409137,181,13.96
"182",0.768287368534409,0.632457613295273,182,19.48
"183",-0.920154619619988,-0.437456822774461,183,8.37
"184",0.571016276802253,0.54060064488671,184,17.78
"185",-0.174743113952127,-0.236812665948613,185,11.98
"186",0.980493562304806,0.232028580080745,186,20.08
"187",-0.298169683361638,0.0611661727839864,187,10.15
"188",1.23272957928365,0.523364971711427,188,17.34
"189",0.261843119986084,0.135708637014215,189,14.74
"190",-0.669546926966744,-0.388093116085216,190,15.66
"191",-0.872181292159863,-0.612427977252143,191,8.35
"192",-0.404404311533133,-0.127402081882229,192,11.18
"193",-1.67272825857785,-0.817452141759152,193,8.76
"194",1.1214456348199,0.867345741378947,194,15.69
"195",1.3492080744361,0.72643176499215,195,15.54
"196",-0.954230742499094,-0.715511128765411,196,14.19
"197",-0.608006242770957,-0.436334992713842,197,8.37
"198",-0.906782063808454,-0.484912817628157,198,9.23
"199",-0.769509605523814,-0.37906476038847,199,10.87
"200",-0.206124263094235,0.0385411037383407,200,14.84
"201",-0.349888667895216,-0.336285099755267,201,10.99
"202",0.752120218279552,0.100596829531575,202,12.2
"203",-0.25162832548193,-0.162135286260456,203,8.92
"204",-0.503945682410036,-0.567693998908685,204,9.72
"205",-0.23732452331183,-0.145263438042728,205,10.05
"206",1.12416505402189,0.763121065558874,206,15.07
"207",0.252018489399012,0.229899643029062,207,13.79
"208",-0.337153186678607,-0.329732810366375,208,11.07
"209",-0.0597108526736819,-0.339614856146303,209,13.11
"210",1.07461582101327,0.896169497031292,210,18.77
"211",0.920501521291483,0.139144217745315,211,18.16
"212",0.290520530473605,0.618962968404886,212,13.53
"213",0.464841942677839,0.220857122721895,213,21.18
"214",0.95517400656616,0.917903602678303,214,15.88
"215",0.928602457852279,0.76262931095663,215,13.55
"216",0.418857609278335,0.240280345418248,216,15.9
"217",-0.71238626385378,-0.622568533227255,217,8.54
"218",-0.294040158387212,-0.236877820743731,218,13.63
"219",-1.70357638663357,-1.62389731514519,219,8.59
"220",0.584480436198161,0.280207170414218,220,18.5
"221",0.0460702597127301,-0.0151596258162071,221,11.48
"222",-0.500578743360862,-0.163880980214233,222,10.46
"223",-0.371581813919658,-0.140599512431865,223,9.37
"224",0.140415692959008,-0.188347945193113,224,8.52
"225",0.647605310287963,0.432625587894048,225,21.19
"226",0.537694416792921,0.47504525751048,226,19.04
"227",0.0377454648152502,0.244010846276133,227,13.97
"228",0.204371993756421,0.293205559504411,228,14.21
"229",0.708426588787785,0.559863661557317,229,12.62
"230",-0.104878955679272,-0.0105023448371867,230,13.01
"231",0.581743206438558,0.250777644872576,231,21.52
"232",0.0127314725675089,0.00836555976094906,232,15.29
"233",0.634756721042317,0.429244546123161,233,19.6
"234",0.847782617600938,0.663271056214261,234,14.04
"235",1.06319734847758,0.53701084793877,235,20.56
"236",0.590325794090367,0.531893651529605,236,16.87
"237",0.509969328318978,0.567161928146155,237,18.56
"238",-0.641738007747478,-0.260707740625649,238,16.02
"239",0.305194233710072,0.471596682518728,239,17.9
"240",-1.66066150552257,-0.939109415402872,240,12.41
"241",-0.0150415064861167,-0.038847380009805,241,13.88
"242",0.311265040390104,0.379198926093475,242,12.13
"243",0.513601102728649,0.43170726568144,243,14.76
"244",0.045978646650798,0.278785767831402,244,17.37
"245",-0.992550694373912,-0.659084799488291,245,10.23
"246",-1.0932511381885,-0.770196953830593,246,8.71
"247",-0.481830539229711,-0.240836928419382,247,16
"248",-0.64868361780323,-0.374342463242841,248,10.2
"249",-0.35999588373443,-0.188748027749366,249,10.87
"250",-0.040018283747167,-0.282590651036487,250,19.86
"251",0.230855507462185,0.33991868506221,251,20.82
"252",-1.41236248587705,-0.853393204422615,252,9.19
"253",-0.880751866021019,-0.797972223490972,253,8.76
"254",-0.623818241885434,-0.532350696744532,254,9.47
"255",-1.34568053742207,-1.00896892316216,255,8.71
"256",-0.20001153984118,-0.0789606601137157,256,10.83
"257",0.819511355578897,0.604537475787028,257,18.96
"258",0.526470951809662,0.562230683125975,258,20.23
"259",0.194062411489269,0.207435076662513,259,21.67
"260",-0.347979667751589,-0.214874383148686,260,9.84
"261",0.594536931677582,0.386935305440654,261,19.43
"262",0.00226608927425743,0.188147052487426,262,13.18
"263",-0.741820505512551,-0.415307717803031,263,10.36
"264",-0.253357737390987,-0.236500761736484,264,11.57
"265",-0.162768073872815,-0.435448903895515,265,14.09
"266",0.96365965437547,0.828857338437055,266,20.07
"267",0.303772890989446,0.452405465438023,267,20.57
"268",-0.322046072727973,0.130470616821458,268,11.03
"269",-0.965540556185615,-0.350569894434084,269,9.23
"270",-0.486481334828862,-0.143024630054257,270,10.41
"271",0.415455559735,0.519999226159315,271,15.86
"272",0.203826719286455,0.352946369599021,272,13.89
"273",0.477073764480243,0.45154786575836,273,20.06
"274",0.78032847815316,0.757795673744747,274,19.62
"275",0.683393605577576,0.516128248227901,275,19.55
"276",1.35455869912552,1.04679067924579,276,20.59
"277",-0.544144014469257,-0.264190858086414,277,11.73
"278",1.00505870252929,0.89592771078402,278,17.18
"279",-0.559705007152897,-0.386029146951151,279,11.57
"280",0.316766391392128,0.22582865176462,280,12.04
"281",-0.404620378734438,0.0409601832579298,281,13.12
"282",0.0823832728135538,-0.126619094984234,282,13.14
"283",0.733916855692661,0.314626353517672,283,17.01
"284",1.06898184406452,0.665587509207227,284,17.26
"285",0.200206077799866,-0.0283099886723003,285,20.93
"286",0.350133563788076,0.39668036263789,286,17.44
"287",-1.99997676584111,-1.25771894001786,287,9.2
"288",-0.773014641080249,-0.46951049412388,288,10.88
"289",-1.34081753412539,-0.710654392698753,289,9.67
"290",-0.560766310900275,-0.0608759906721855,290,14.17
"291",1.13460347365883,0.600336966997672,291,13.7
"292",-0.350773471674432,-0.095286537548397,292,11.79
"293",0.80646406879982,0.53711253686191,293,14.01
"294",-0.966438697770628,-0.893553240910008,294,10.04
"295",0.360881523474438,0.364398664180149,295,21.59
"296",-0.199163325272482,-0.394468160115453,296,10.54
"297",-0.00523272722298411,0.0386497684619013,297,17.74
"298",1.02080244270818,0.373187740502108,298,16.93
"299",1.23778233789822,0.93349518649652,299,21.84
"300",-0.360933881620395,-0.674243316752221,300,15.68
"301",-0.73792498292187,-0.582243775698212,301,8.07
"302",-1.10915146492457,-0.986118033765054,302,12.21
"303",-0.570642619322855,-0.364348836275709,303,9.48
"304",-0.393225468865816,-0.111741510740054,304,8.01
"305",-0.297238931857197,-0.357988847742138,305,11.12
"306",0.824244951163717,0.522948897481538,306,15.81
"307",-0.257583825749473,-0.353145863724298,307,16.2
"308",-0.493826876177323,-0.623690784247664,308,11.93
"309",-0.411876424797016,-0.429143405449239,309,8.38
"310",-0.161816892433245,-0.353272671617183,310,11.13
"311",0.396495635373248,-0.0631679881662779,311,18.45
"312",-0.187945376559044,-0.0378358963899206,312,10.14
"313",-0.134661721464429,-0.201020442889625,313,20.57
"314",0.149876395732838,0.0461328004370778,314,14.49
"315",-0.311232145519832,-0.442771689829319,315,10.22
"316",-0.0249676333557236,-0.147174018639871,316,13.24
"317",0.54383695020653,0.3089801715161,317,21.42
"318",-0.634973426854306,-0.497811377871277,318,10.94
"319",-0.910741726809787,-0.602254272856321,319,10.36
"320",-0.00683126022484119,-0.224367120886604,320,12.09
"321",-0.466101038907748,-0.350546595366999,321,9.52
"322",1.3153976279868,1.2203134582053,322,21.21
"323",-1.32988761806675,-0.664306304280295,323,9.33
"324",0.605615796451945,0.13936022429302,324,18.62
"325",-0.806688622008923,-0.502819117060208,325,9.69
"326",-0.241361529849075,-0.116044232219293,326,11.51
"327",-0.997352317735836,-0.832640273064134,327,9.03
"328",-0.0917807279392264,-0.126895678548127,328,10.79
"329",-0.712208763132193,-0.76909037198746,329,10.2
"330",-0.142472724236529,-0.246159597973671,330,14.55
"331",0.459824253540045,0.589836517002693,331,21.41
"332",-1.0504855863748,-0.764148318628074,332,8.67
"333",0.131218745373302,-0.265607939506007,333,12.9
"334",1.10721796620306,0.763831736244701,334,18.39
"335",-0.2288084566305,0.0362117738534495,335,15.12
"336",-1.7551228263966,-0.894749187309844,336,10.43
"337",-1.48123053063827,-0.607162245799466,337,12.42
"338",1.01125128596579,0.898328040595958,338,17.12
"339",0.552112356891745,0.317851581648508,339,21.1
"340",-0.300958833445669,-0.139144960049737,340,10.63
"341",0.96151183087937,0.39231739444544,341,12.7
"342",-0.79610217363816,-0.498715665263808,342,13.01
"343",0.135374287854326,0.093150965501591,343,9.76
"344",-0.0743735843379772,0.290438731058433,344,14.5
"345",-0.00932395051380312,-0.29902845347443,345,18.57
"346",0.947912135167869,0.518244605025051,346,12.21
"347",-0.968142139344482,-0.239836170650181,347,19.67
"348",0.937857246933399,0.294061420897777,348,19.82
"349",0.217963704476855,0.208587134496601,349,11.76
"350",0.273718122007608,0.0261041606328972,350,20.22
"351",-0.688998004810805,-0.152691848279093,351,13.36
"352",-0.766088749986606,-0.182573272690618,352,13.65
"353",-1.14028436814444,-1.15043996181056,353,9.99
"354",0.440752148718784,0.111904579798649,354,20.3
"355",-0.590924318372827,-0.42971380580558,355,12.12
"356",-1.51077528367766,-1.52810922559755,356,8.3
"357",-0.158332884953625,-0.0263576907048365,357,11.71
"358",0.0902781542572679,0.00197595714142029,358,11.69
"359",0.871862217461918,0.546270125712328,359,18.5
"360",-0.281786138877119,0.142011413429017,360,18.94
"361",-1.081183187189,-0.73555146673007,361,8.56
"362",-1.18657453353266,-1.02745577050778,362,8.67
"363",-0.168456118107289,-0.42387750826459,363,8.24
"364",-0.418665311014823,-0.116738214157404,364,16.84
"365",-1.1834006947929,-0.733060863002197,365,8.14
"366",0.831254629951343,0.321571797962535,366,19.6
"367",1.03847410380504,0.333061887118187,367,21.35
"368",0.30648994145593,0.31659624349534,368,16.57
"369",0.381098350610738,0.262092096079699,369,20.23
"370",0.458234465283581,0.0603778346556042,370,18.98
"371",-0.376727645469576,-0.158785732589732,371,21.91
"372",-0.0497433347136062,-0.241800049657603,372,14.89
"373",0.165874360497516,0.265340009144505,373,17.82
"374",-0.840296915491235,-0.421095266298811,374,8.16
"375",0.0385484891622067,-0.103097797895151,375,13.53
"376",-0.66038393677987,-0.488220929355084,376,8.27
"377",-1.32138566157316,-0.571124072484475,377,9.9
"378",-0.707290812541177,-0.474819046280247,378,12.33
"379",0.232941468247828,-0.0480045561083883,379,21.44
"380",1.29926766394978,0.788881721849973,380,20.99
"381",0.528211336985073,0.355562850584147,381,14
"382",0.985615397524279,0.698889452876104,382,15.83
"383",-0.523385581081246,-0.341167237353461,383,9.66
"384",-0.559851837779512,-0.396613936542805,384,8.01
"385",-0.704884228840331,-0.469022095335213,385,9.26
"386",0.607554016835179,0.37498965621275,386,19.45
"387",-0.240358368671921,0.294132146692786,387,20.24
"388",-0.501547375787634,-0.531932471450607,388,13.05
"389",0.119333601998892,0.244851516697911,389,20.82
"390",-1.4948795194803,-0.859458053897097,390,15.35
"391",-0.166034155623044,0.425804518635397,391,17.19
"392",-1.29370360922742,-0.54500212907654,392,14.32
"393",0.597972248437062,-0.0433760341522555,393,15.74
"394",0.446600694142201,0.207323193002912,394,19.48
"395",-0.218527398439647,-0.25378405186975,395,9.59
"396",1.02190085665553,0.767209415031509,396,14.34
"397",-0.0136496367372227,-0.0804193761699378,397,9.73
"398",-0.00674743138256515,0.384682932632117,398,14.07
"399",-1.22222612356604,-0.711662374562342,399,9.11
"400",0.527950547312715,0.255846754769709,400,15.91
"401",-1.75678758785739,-0.871890059700096,401,8.29
"402",0.0597995580684742,0.148080177202271,402,11.65
"403",-0.901523022419162,-0.742856151109775,403,10.09
"404",-0.709977022731129,-0.558467422712495,404,14.75
"405",-0.737887797120432,-0.481814728596488,405,14.04
"406",-1.10004030477269,-0.685357236413165,406,9.11
"407",0.757933287537429,0.0793456426103207,407,21.51
"408",-1.07749083867227,-0.7746159227925,408,9.7
"409",-0.249327686498553,-0.39530545866433,409,19.24
"410",0.272139398581397,0.161554990321068,410,12.32
"411",0.477070776973406,0.691272388647524,411,11.12
"412",-0.136202041312391,0.163643077544257,412,15.9
"413",0.28050314904575,0.27818806324866,413,21.24
"414",-0.667046410637501,-0.882783466257221,414,8.31
"415",-0.746329760122028,-0.516670576434417,415,10.54
"416",-1.07652441531224,-0.673826690392251,416,8.34
"417",0.568108673861143,0.335379471689742,417,18.53
"418",1.14337111714186,0.62072667420836,418,15.29
"419",0.491643272801698,0.368108071636468,419,17.75
"420",-0.0329668505463998,-0.00368398402300043,420,21.19
"421",0.522914058954351,0.337317927704466,421,13.61
"422",0.115221031424668,-0.148722642908792,422,15.34
"423",-1.26912780147697,-1.43444336522549,423,8.48
"424",-0.106582032524278,0.370289714274984,424,9.57
"425",0.101488996774947,0.263854582503294,425,12.34
"426",0.546559168378793,0.309235717069928,426,8.79
"427",-0.882945420532897,-0.206812760285257,427,8.38
"428",-0.488597215830776,0.00354548926598206,428,9.78
"429",0.77281295076831,0.888529850559019,429,19.8
"430",0.178521368705315,-0.0982666905046468,430,17.01
"431",-0.768538885458503,-0.581166799537762,431,9.22
"432",0.718336124793704,0.393609680897611,432,19.18
"433",0.234731432923974,0.419980304746291,433,12.3
"434",0.668722462584803,0.215660985469021,434,15.36
"435",-1.29169302777463,-0.601726306453189,435,8.78
"436",-0.226576845447071,-0.0155626031097789,436,10.71
"437",-0.159545173754419,-0.12644260056069,437,9.99
"438",-0.324954086337571,-0.175165349079308,438,10.04
"439",1.15507056652475,0.669821703983789,439,14.25
"440",1.11405752969101,0.911457641332243,440,19.39
"441",-0.087793642207244,-0.0621829739396863,441,12.7
"442",-0.542745019733435,-0.238528333781084,442,14.52
"443",-0.253656482458732,-0.0106670374914096,443,10.02
"444",-0.340700944047605,-0.0492707844363464,444,9.51
"445",-0.209988525583089,-0.114411503850015,445,17.68
"446",0.884969057468511,0.680133687158835,446,21.9
"447",0.46933221987336,0.672081192699512,447,14.63
"448",0.749796095450936,0.609898141299207,448,13.94
"449",-0.664498164928517,-0.238745883390974,449,8.01
"450",-0.523793079586092,-0.37777294357577,450,8.39
"451",-0.754283794331787,-0.530281544631598,451,9.11
"452",-0.0880524741430664,-0.230729316318164,452,12.03
"453",-1.48391249232769,-0.857655744503588,453,10.81
"454",-0.351942289762704,-0.201018347180943,454,10.02
"455",0.778570924678404,0.636443659932878,455,20.13
"456",-0.583929068722302,-0.248028459847452,456,8.21
"457",0.0238119147999426,0.515583070844151,457,11.41
"458",0.104568823126151,-0.103427294084214,458,14.88
"459",-1.00262205106575,-0.829818767311523,459,8.04
"460",-0.529607076829891,-0.458585786464705,460,10.85
"461",0.920315188110043,0.623354287736081,461,19.09
"462",1.00946694806976,0.530776590783342,462,13.02
"463",-0.577739265048504,-0.377627469000963,463,9.25
"464",-2.46444546229763,-1.5689519806492,464,8.18
"465",0.160774114051036,0.391313439112277,465,17.67
"466",0.174301254251057,-0.0504781743669649,466,14.24
"467",-0.424563146206676,-0.60575525058763,467,9.14
"468",-0.42452216062386,-0.463213226632508,468,12.59
"469",-0.00731081244059196,0.0953477806037488,469,12.36
"470",-0.234525654588222,-0.230000812900025,470,17.65
"471",-0.621881258116822,-0.397985790775394,471,9.96
"472",-0.111443058818184,-0.0243741801345445,472,14.26
"473",-0.72053501802043,-0.411921298774268,473,10.69
"474",-0.907858636700904,-0.71372829365997,474,14.08
"475",-0.370820623183118,-0.333870735116115,475,10.13
"476",-0.53022913305114,-0.1867013750949,476,10.29
"477",-0.260709413577195,0.117797788347735,477,11.84
"478",0.470297612998939,0.569592099122482,478,18.02
"479",0.676712903661431,0.836687782446799,479,13.53
"480",-0.0263168476050664,-0.0586098583451542,480,12.27
"481",0.0933920789239894,-0.396076707099236,481,11.76
"482",-0.0618642139545699,0.0847300139161539,482,13.92
"483",0.430637107739949,0.0650727247336468,483,14.97
"484",-1.04427124483195,-0.605437258527346,484,10.7
"485",1.13189278888161,1.0285137173001,485,17.14
"486",0.178709260390663,0.199834949611912,486,21.43
"487",0.420292011627063,0.172005333780373,487,14.78
"488",1.21606728556202,0.737991835011152,488,17.14
"489",0.75635057572157,0.516888240012334,489,12.28
"490",0.361390267080685,0.267429509559741,490,17.94
"491",-1.15043832219762,-0.865258995064589,491,8.79
"492",1.13698741052273,0.412558869122782,492,21.85
"493",0.505680688622192,0.330638038286328,493,10.97
"494",0.651315127605749,0.277744670535399,494,19.09
"495",-0.404592047517821,0.117914579594641,495,12.82
"496",0.696791946692552,0.267852981063373,496,14.45
"497",0.388244764361652,0.605818677933729,497,17.17
"498",-0.272302700553549,-0.264899839813754,498,9.66
"499",-0.783362516727514,-0.494577223808851,499,8.85
"500",0.329534653193286,-0.417935793478734,500,20.02
"501",0.367006699688041,0.21451847595401,501,13.32
"502",-1.91163526431985,-1.36033895674354,502,9.82
"503",-0.704526080769885,-0.473747398532471,503,8.1
"504",-0.689594257613695,-0.363480483739897,504,14.09
"505",0.451711567026694,0.110488850212463,505,12.85
"506",0.558444687009945,-0.0611461159348587,506,14.41
"507",0.488316498409376,-0.0939925082058955,507,17.17
"508",-0.455856928065733,-0.188657698569676,508,14.02
"509",0.537870297437595,0.662199732236135,509,15.25
"510",0.167143357671244,0.0738814623505424,510,16.33
"511",-0.263134664773471,-0.302658064749081,511,8.68
"512",0.979107898405761,0.801645817247996,512,17.68
"513",-0.0559143207007677,0.147788062962988,513,8.93
"514",0.64407403232648,0.0692445299096614,514,16.48
"515",1.34761084226415,0.975266589597146,515,19.21
"516",-0.0940529142653126,-0.117248533069974,516,14.54
"517",0.0649301765004012,0.0391263654766255,517,14.92
"518",0.936007489941026,0.629436837981717,518,21.92
"519",-0.751198941816615,-0.80767471552419,519,9.48
"520",0.625144289601987,0.356687631020718,520,12.73
"521",0.248554583854142,0.0584619339994902,521,13.28
"522",0.344120130676741,0.179727451408215,522,14.4
"523",-0.566611662012522,-0.123860324692116,523,10.68
"524",-0.601995235471947,0.0859253818841559,524,12.93
"525",-0.578127075167371,-0.0894606349908356,525,14.53
"526",0.444285644442052,0.541702036295804,526,16.11
"527",0.0594393301879099,0.147940547961959,527,11.82
"528",-0.345044980961503,-0.327128027717923,528,20.57
"529",-0.268832083959099,0.0733374498445214,529,19.06
"530",-0.392672421557795,-0.603921846590562,530,10.47
"531",-0.735558865095105,-0.328657612695927,531,10.48
"532",0.58688712953833,0.575920565045287,532,18.17
"533",0.13352512114161,0.2657443452691,533,13.5
"534",0.53333438087813,0.388332616905015,534,15.51
"535",-0.0467531112435392,0.242841673533851,535,20.82
"536",0.567278015287107,0.343986126302131,536,18.93
"537",0.668272149099706,0.36774082789854,537,16.17
"538",0.226179817868414,0.286266567439499,538,19.93
"539",-0.769582051566617,-0.40501271966821,539,9.62
"540",-0.396610628228821,-0.375450920837198,540,13.14
"541",-0.63451746024183,-0.268436833810873,541,9.76
"542",0.60472400825906,0.35930032731535,542,16.56
"543",1.20028108890656,0.923023693771123,543,20.11
"544",0.772126145881333,0.302717293907434,544,17
"545",-0.339637393546912,-0.416534573849382,545,9.84
"546",-0.941991635311539,-0.65326357769425,546,8.06
"547",-0.255780210870794,0.238763333332121,547,17.22
"548",1.22619836578667,0.912813455235412,548,21.16
"549",0.910900546694489,0.8594307251875,549,19.98
"550",0.44777307056266,-0.0619324402609518,550,13.05
"551",0.0355681389731015,-0.144765279457854,551,20.67
"552",0.712636516334663,0.47482381943584,552,15.46
"553",0.427022690706312,0.184342489498352,553,21.56
"554",-0.979226807797174,-0.338883623251718,554,9.26
"555",-0.586929517100284,-0.460548617651416,555,8.89
"556",0.586193996027639,0.152088198251905,556,19.47
"557",-0.704206119865415,-0.516534504525467,557,9.25
"558",0.343750757884607,-0.244779044989302,558,18.08
"559",0.33873070006333,0.0926158033757725,559,14.11
"560",0.235099105761682,0.0159990295607693,560,15.59
"561",-0.172262267473632,-0.320074063880115,561,11.87
"562",-0.966810789739257,-0.260375873313017,562,8.6
"563",-0.780138587053225,-0.356465196923732,563,9.43
"564",0.454674425447389,0.310867314912251,564,12.46
"565",-0.344065377361294,0.403772818732719,565,12.55
"566",0.678873868120663,0.162092302554528,566,21.27
"567",0.956711367228312,0.684437573372096,567,18.98
"568",0.556636882014379,0.209462463231611,568,13.21
"569",-0.277538654370182,-0.585214306259617,569,13.68
"570",0.827833284541992,0.658786705536464,570,17.73
"571",-0.208199531038592,-0.0821344371927899,571,13.22
"572",-0.738039711397571,-0.245396214696194,572,10.98
"573",0.0570883031718412,-0.0522007623942631,573,12.54
"574",0.367513263505088,-0.258239968748006,574,14.3
"575",-0.419403284401136,0.134845137405283,575,13.95
"576",0.199698570351858,0.169923691389833,576,14.82
"577",0.592386701576718,0.228183707225814,577,20.69
"578",1.07605137491977,0.730695388249498,578,17.85
"579",-0.138771231217968,0.139142812817036,579,15.05
"580",0.874997120012023,0.43734237063072,580,17.06
"581",0.643002392566915,0.885988760955914,581,21.72
"582",-0.552989936591218,-0.428786081136581,582,12.15
"583",-1.82988281050835,-1.1027010685668,583,10.4
"584",0.549233666250739,0.227648627746179,584,11.79
"585",0.107349135179753,0.181103420875718,585,13.35
"586",0.744973305551714,0.491422502968615,586,21.98
"587",0.0211285342727535,0.0383398771143707,587,14.82
"588",0.792643207582231,0.142223971157636,588,19.26
"589",0.166866757502834,-0.17889477510462,589,21.6
"590",0.196456786312297,0.393000810395616,590,13.83
"591",0.397784309494702,0.66053987231993,591,17.31
"592",0.356495693195041,0.559513210220977,592,18.93
"593",0.700021708858643,0.524222564135824,593,16.49
"594",0.111292376561711,-0.158324659376762,594,15.04
"595",-0.557736835789197,-0.40712163215667,595,13.21
"596",1.16895934426662,0.655765275093982,596,17.65
"597",-0.938494876833549,-0.532853267445796,597,9.23
"598",-0.220123133018011,-0.412320720056292,598,12.76
"599",0.796064934027645,0.7776714975338,599,20.89
"600",-0.444543920055009,-0.521164653670146,600,15.09
"601",0.227268383565433,0.144162372823205,601,21.3
"602",-0.0867953694371103,0.319656165277198,602,13.24
"603",0.383984737344376,0.284266650880882,603,16.69
"604",1.02550299941022,0.417121244260347,604,20.45
"605",-0.472290374785211,-0.457424802835597,605,9.64
"606",0.824143483169451,0.092066275216457,606,16.01
"607",1.15204366823998,0.675928029870647,607,12.23
"608",0.995747205794211,0.892318447633004,608,19.75
"609",0.700560178383689,0.18022646492649,609,16.31
"610",0.162362312044422,0.382200793769248,610,13.83
"611",-1.03725207172281,-0.707995291080817,611,9.16
"612",0.132823794491364,0.25494462560015,612,19.85
"613",-0.188551880354143,-0.137685995714159,613,12.61
"614",0.569368534498067,0.282428807616165,614,20.66
"615",-0.355557044611417,-0.346594649294539,615,9.98
"616",0.249613487866833,0.199799270337193,616,13.8
"617",1.23990344638699,0.316387764060169,617,19.5
"618",0.15655366159902,0.174255888300846,618,17.82
"619",-0.0194164639989627,-0.495690500309923,619,10.64
"620",-0.775629865179165,-0.429212309995174,620,17.52
"621",0.399819911257876,-0.269221883250358,621,17.68
"622",-0.206653005769212,0.0812472830691328,622,10.62
"623",-0.205856107395588,0.36825748291777,623,13.01
"624",1.06140395481626,0.706410756082125,624,15.12
"625",-0.185325235889838,-0.278161818346803,625,19.02
"626",-0.239806191132684,-0.262831625520907,626,11.87
"627",0.0868545786249183,0.48899573073131,627,15.62
"628",-0.943500422010369,-0.569625396132452,628,10.67
"629",0.24732423253129,0.252350926983791,629,13.16
"630",-1.02307002761479,-0.813440646745492,630,10.47
"631",-0.815328993845616,-0.574999248600587,631,12.46
"632",-1.27028258899755,-0.817761007088742,632,10.42
"633",0.583799116387382,-0.251348036955958,633,19.46
"634",0.529314994285313,0.266903509066359,634,13.82
"635",0.605732842853227,0.359691365365386,635,14.86
"636",-0.286759926297626,-0.185481026510245,636,16.26
"637",0.511228439743876,0.14895040424959,637,21.36
"638",0.555966525489937,0.615775073689473,638,17.05
"639",0.883310884891433,0.796097216027936,639,18.79
"640",0.672706149264199,0.419683420068038,640,15.02
"641",0.254950320116054,0.350057786463022,641,13.61
"642",-0.289109155325179,-0.218774871038206,642,13.54
"643",-0.365287853232807,-0.279086778112882,643,10.97
"644",0.549578062014927,0.371957293881497,644,16.68
"645",0.38883855726872,0.213252549207239,645,20.9
"646",-0.87196284931271,-0.560503549268945,646,9.99
"647",0.235754940932692,0.184699255808658,647,18.71
"648",0.409147857542883,-0.0372080623360476,648,12.37
"649",0.132850056952335,-0.263359777738676,649,14.34
"650",-0.324515017340538,-0.728957873728658,650,9.81
"651",0.488264988383685,-0.164459322896027,651,19.36
"652",0.311508790433975,0.413292501580472,652,20.83
"653",-0.553100309858486,-0.357549197835741,653,11.54
"654",1.12860821963664,0.568028743621376,654,21.85
"655",0.342789022423036,0.617367573451032,655,17.25
"656",-0.625911148839362,-0.474858806512066,656,13.81
"657",0.00442378427466803,-0.0847413710302819,657,9.55
"658",-0.238816831463542,0.058252269596244,658,14.95
"659",-0.867711114924421,-0.960563842870999,659,8.56
"660",-0.76877629842549,-0.0945278689837502,660,10.01
"661",0.135838380947654,0.327392785584902,661,16.98
"662",0.200521963054715,0.302241111124721,662,16.5
"663",-0.160728844537927,0.266694506797514,663,9.67
"664",-1.3867886289085,-1.04189422916936,664,8.85
"665",-0.174581294691641,-0.273997320182158,665,14.92
"666",-1.09445431792822,-0.965029216795369,666,10.86
"667",0.802924466772823,0.713914807262717,667,16.93
"668",-1.3924764415671,-0.666711210758664,668,8.32
"669",-0.0173762336769384,0.144085665930833,669,10.83
"670",0.127815607550147,0.147724624228044,670,14.87
"671",0.211409525235386,0.112095384801236,671,12.86
"672",0.50524044016661,0.446274027815367,672,17.7
"673",-0.405802097478024,-0.587155712803286,673,8.66
"674",-0.323850919143185,0.269881704438848,674,14.85
"675",0.473840971651649,-0.272913561844839,675,14.63
"676",-0.490016168619375,-0.401128306383345,676,12.28
"677",0.119330951083071,0.375249503826949,677,11.13
"678",-0.177263797166572,-0.123582327997042,678,11.55
"679",1.18589260214675,0.79432709832344,679,15.46
"680",-1.27386085648635,-0.615870065546848,680,8.15
"681",0.639718253619775,0.49839946269817,681,17.28
"682",-0.197804102945443,-0.182584163916512,682,11.61
"683",-0.639369341533773,-0.238733861360127,683,9.78
"684",0.178214525645089,-0.105665219825086,684,21.09
"685",0.744173400287662,0.47165594353246,685,20.92
"686",-0.853700423043315,-0.0545501096343355,686,10.83
"687",0.88125892064501,0.288314763236248,687,14.38
"688",-0.37248422585834,-0.219508557713212,688,14.53
"689",-0.0973814877684865,0.0175240308589665,689,11.32
"690",-0.577049631287029,-0.559582332448386,690,19.17
"691",0.0459309653459906,0.141904898140943,691,18.95
"692",0.368901057233613,0.0735262407381723,692,15
"693",-0.332186166658868,-0.59586855142199,693,13.39
"694",0.966060640299768,0.625693846697852,694,16.74
"695",1.04153623324372,0.480839450574493,695,20.24
"696",0.558306198658973,0.124287258580466,696,17.52
"697",0.252712803523347,0.448005881201871,697,15.32
"698",0.199079424922607,0.446656760794872,698,21.73
"699",0.381893787717244,0.27292829424524,699,21.85
"700",0.404479422244967,0.23877166707078,700,16.44
"701",-0.14008392106011,-0.108371277510941,701,18.31
"702",1.13382300580261,0.569250442530249,702,17.35
"703",0.0158983557081114,0.173174976325067,703,15.32
"704",0.27677526324287,-0.225379873179218,704,16.17
"705",0.456076519466129,-0.00282624717319011,705,18.34
"706",0.400122435959784,0.338297096619887,706,16.61
"707",-0.619148937052445,-0.743546990024011,707,9.88
"708",0.157654231367693,-0.0456032881347558,708,16.75
"709",0.512766219903769,0.578773917368969,709,20.01
"710",0.93604631624462,0.742843056600516,710,15.89
"711",0.305963746563434,0.127690138709824,711,17.27
"712",-1.11024826684609,-1.13879755923011,712,9.07
"713",1.30892823524405,0.962688150130099,713,15.26
"714",-1.75383448292306,-1.66929791703424,714,9.01
"715",0.315362492058137,0.183972600714407,715,12.71
"716",0.472745709338632,0.638572396869432,716,19.89
"717",1.22147808256208,0.853480302750012,717,16.75
"718",-0.0689432201118342,-0.106716049756092,718,12.62
"719",0.683594690866012,0.584237573840299,719,19.06
"720",-0.870364875221855,-0.632779661200072,720,8.31
"721",0.00336500928489128,0.0363186187947335,721,16.05
"722",-0.238931201365839,-0.131293829403234,722,9.08
"723",0.551876901556968,0.735660265266074,723,15.31
"724",-0.567941018787248,-0.0272092510748983,724,10.99
"725",-0.996206435221835,-0.947203125863657,725,9.2
"726",0.611101687960799,0.539946671394122,726,20.64
"727",0.137288455515665,0.350626449531787,727,13.1
"728",-0.722454242662232,-0.261210449689292,728,11.46
"729",-1.42798540052471,-1.07325466197321,729,9.66
"730",0.636834825513134,0.345027416552707,730,21.92
"731",-0.212469371885556,-0.0311501058502823,731,16.57
"732",-1.19132120120042,-0.64217969891104,732,14.94
"733",0.499703540583599,0.647405776653465,733,21.04
"734",0.138974024563073,0.0208511407238084,734,8.96
"735",0.714008248516383,0.317437381698955,735,17.86
"736",0.668160809977261,0.646286573288576,736,21.92
"737",-0.1445765756077,-0.0161614312801454,737,13.12
"738",-0.0822914413744887,-0.243088640401465,738,15.98
"739",-1.26330792881942,-0.527556598965143,739,8.03
"740",0.388337218149534,0.485183752172484,740,14.35
"741",-0.241448945011776,-0.12174186529186,741,12.3
"742",0.0288392577399491,0.00974503074247158,742,14.05
"743",-0.0170731623978151,-0.118993759147204,743,10.74
"744",-0.444317678607915,-0.436054328333977,744,10.02
"745",0.0827303169524479,0.276839590907705,745,9.91
"746",-1.52833226550189,-0.925064174477073,746,10.71
"747",0.273909603192789,-0.294522024316227,747,21.5
"748",-0.396260465377771,-0.338867438696406,748,10.94
"749",0.0256476100440344,-0.0441314753401174,749,12.37
"750",-0.334172510195987,-0.570718607067016,750,8.35
"751",-0.0267050308482695,-0.180230708918977,751,19.28
"752",0.625509723057584,0.183519135858156,752,15.49
"753",0.124439634518122,-0.0163662150871052,753,16.43
"754",0.360240368770737,0.148728497855294,754,19.08
"755",-0.742342552978704,-0.378262692790565,755,9.13
"756",-0.791294295885446,-0.696881709966572,756,14.36
"757",1.04510350872702,0.587500935155536,757,20.53
"758",0.0259146348660106,-0.288617780371013,758,21.16
"759",-0.542548100980958,-0.36885102004666,759,12.7
"760",0.418819962056164,0.565030661732107,760,18.1
"761",-0.68241820119795,-0.275676315175419,761,11.24
"762",-0.0210654655345325,0.205822925130247,762,21.21
"763",-0.0428135853929851,0.24436868749191,763,13.59
"764",-0.101543164564,-0.269990779848026,764,15.95
"765",0.365032668162081,0.161113934508185,765,12.41
"766",-0.00988897921420817,-0.0263223141166013,766,10.9
"767",0.102064758881033,-0.078478025337797,767,20.73
"768",-0.79665787965738,-0.4390120918335,768,8.35
"769",1.11147771315936,0.857818289354803,769,18.74
"770",0.483241454468904,0.3024837797944,770,15.19
"771",0.119652483995742,0.13483223349177,771,12.05
"772",-0.304026457437075,-0.140334012953729,772,10.98
"773",0.397939634584408,0.0685903637737703,773,10.13
"774",0.573396654911191,0.727809989557636,774,16.41
"775",0.694514554408648,0.450808250796027,775,15.39
"776",0.891641594930223,0.664079768444009,776,18.61
"777",0.827513371882262,0.565527662454015,777,16.56
"778",0.78744992636106,0.350768504256692,778,19.28
"779",0.217723725738028,0.444971513410272,779,18.3
"780",0.484165672511929,0.401657406006728,780,17.91
"781",0.26687011401628,-0.0445816028886522,781,11.5
"782",-0.51503716675766,-0.240764927832474,782,8.46
"783",0.733378508280189,0.732317631888978,783,16.4
"784",-0.74847496424699,-0.585533469027237,784,8.02
"785",0.30592360153054,0.158458582572835,785,13.46
"786",0.309504678885943,0.354212551089933,786,14.92
"787",-0.334512160016348,-0.0889834313320128,787,9.62
"788",-0.188357791576496,0.125586135383555,788,15.73
"789",-0.251762882188316,0.0580983300153045,789,9.94
"790",0.0208959354068401,0.223736772923638,790,14.06
"791",-1.61626909722172,-1.15596424385282,791,10.09
"792",-0.851667079641359,-0.351807365047102,792,10.95
"793",1.01707759536317,0.90058639759405,793,16.87
"794",-0.0696645548779071,0.029067115472237,794,13.81
"795",-0.109752463618847,-0.264260783252272,795,13.11
"796",0.0242283179016296,0.0500692714251704,796,9.8
"797",0.191750779712129,0.374985072387849,797,15.29
"798",-0.305226183449933,0.0171190965752659,798,17.5
"799",0.701429221594923,0.682686274968873,799,16.1
"800",-0.539219976249238,-0.294665485015849,800,9.36
"801",0.533402258718968,0.0344258570580584,801,16.79
"802",-0.116006250646364,-0.265068993264093,802,12.85
"803",0.0386976761814612,0.155292802248467,803,16.39
"804",-1.36158602025773,-0.813455425128186,804,8.33
"805",-0.719490044179954,-0.62207377225517,805,15.37
"806",-0.261728275273938,-0.155522288533601,806,9.99
"807",-0.210152713768421,-0.10881139581247,807,10.87
"808",-0.743644459047574,-0.562605347389338,808,10.79
"809",-0.880412406477133,-0.426116701775461,809,8.21
"810",0.112306032637775,0.288303541744507,810,11.72
"811",0.247594805411559,0.47760570328844,811,13.7
"812",-0.625560396221822,-0.601057361741369,812,9.94
"813",0.849539480716979,0.456642803523295,813,13.41
"814",-0.103007730944408,-0.590459248080385,814,10.94
"815",-0.0825729583348632,-0.295837140259621,815,11.74
"816",-0.21646695237403,-0.132314632757957,816,10.98
"817",-0.357809944627402,-0.313435616318841,817,15.72
"818",1.11094147561121,0.408126859226117,818,19.41
"819",-0.933213869312438,-1.00620973257091,819,8.43
"820",-0.253492853600797,-0.351560147115235,820,9.94
"821",1.19774112885854,0.811896284391425,821,20.06
"822",-0.147081718493116,-0.0584443393527618,822,20.82
"823",-0.557877966281027,-0.107531682522506,823,9.14
"824",0.341097408215398,0.183419929224568,824,14.39
"825",0.0970252556618329,-0.292637961566168,825,20.37
"826",-0.541012770529468,-0.369055528363531,826,18.94
"827",-0.793156204445109,-0.518629519349659,827,14.22
"828",0.147095045141291,0.133342221806991,828,12.04
"829",-1.45636537305651,-0.686611305681666,829,9.68
"830",-0.0337738210609771,-0.442952478091326,830,11.88
"831",-0.295131914715529,-0.327187757874246,831,19.44
"832",0.118065813453101,0.00221895685444136,832,9.14
"833",-0.215788002712156,-0.00651657422220916,833,9.44
"834",-0.14311078130059,-0.411637843497098,834,19.14
"835",-0.74313294471368,-0.326729302852737,835,8.7
"836",-0.472479525656297,0.204158819921499,836,12.8
"837",-0.529746371184593,-0.301521262502889,837,14.03
"838",-0.157319349908064,-0.417145278505956,838,8.84
"839",0.481322998828629,0.0272157613432598,839,15.18
"840",-0.363061887883632,-0.523613394416914,840,11.56
"841",0.636556556670615,0.187801039254494,841,18.49
"842",-0.674536041834806,-0.168941569575305,842,10.51
"843",0.547848800351406,0.262759965733055,843,21.86
"844",0.546769448914926,0.276117753372135,844,14.69
"845",0.50075831898499,0.265562804732933,845,15.79
"846",0.0254163225873425,-0.191611389317474,846,18.27
"847",-1.15657310233845,-1.10411431733174,847,20.18
"848",0.0224151981221192,0.204069531143345,848,15.11
"849",0.382040797754925,0.020316253739104,849,11.22
"850",0.428693399948043,0.164733950602815,850,19.46
"851",0.374195965975396,0.060186617280726,851,16.87
"852",-0.381012437042164,-0.369404849161049,852,10.93
"853",-0.146671010337474,0.183056380951911,853,15.52
"854",0.110956445692528,-0.0329199822334119,854,21.05
"855",-1.1288050400378,-0.85687363980362,855,10.15
"856",0.65345724386866,0.215407728227553,856,15.18
"857",1.20187607468929,0.716299502441325,857,17.07
"858",-0.251905853272169,-0.51697555338468,858,9.89
"859",0.057738540930762,0.161873677815362,859,15
"860",0.0281939277249955,-0.203511287500075,860,11.27
"861",-0.0454714629918559,-0.526045901918742,861,20.7
"862",1.06305568542636,0.662490825938337,862,18.87
"863",-0.3006724002064,-0.286424198423202,863,8.52
"864",-1.72905274521937,-0.729941018364242,864,9.77
"865",0.394277947661331,0.151394051841314,865,20.29
"866",0.642622329939201,-0.183187569851855,866,13.78
"867",1.0676232413101,0.556567046284346,867,17.95
"868",1.04788126300741,1.18465184820693,868,17.18
"869",0.129915491956376,-0.0774109539856552,869,15.89
"870",0.178671663140249,-0.00100889064138434,870,21.47
"871",0.809049521016272,0.490339439784563,871,21.99
"872",1.02790188681168,0.490946594226384,872,17.69
"873",0.109942572232814,0.0930215383119482,873,10.97
"874",1.07263080849063,0.560923514307496,874,16.42
"875",-1.02619857267437,-0.975020113113496,875,13.9
"876",-0.0859726969424368,-0.0218143064944412,876,16.03
"877",0.389652775110132,0.793450743094891,877,18.17
"878",-0.759321902220287,-0.115134057999044,878,10.03
"879",0.0045108912521156,-0.0782442342167268,879,15.54
"880",0.0539849896155445,0.202530254130349,880,20.57
"881",0.338159603464743,-0.101171832198319,881,11.14
"882",1.39519963597995,0.875457359757862,882,19.22
"883",0.733737576508568,0.266781608836256,883,21.9
"884",0.413564908868454,0.520882227426985,884,13.34
"885",0.577256001977162,0.317069725425797,885,13.92
"886",-0.0622072132993315,-0.193991839116076,886,12.81
"887",-0.654209243312395,-0.643745673636008,887,11.93
"888",-0.991551212923541,-0.711336766743319,888,8.76
"889",0.31647019415251,0.220050092056327,889,17.13
"890",0.500055213508145,0.0603965014812344,890,16.07
"891",1.0850860637087,0.85325227564169,891,21.73
"892",-1.50746005233013,-0.649712417511011,892,9.49
"893",-1.11544731547823,-0.822527842075435,893,9.86
"894",-0.926026260970255,-0.517492385817085,894,9.48
"895",0.67783761823139,0.40303216218329,895,20.03
"896",0.155782596494254,-0.329781787569797,896,16.07
"897",-0.4497849207296,-0.140128098760942,897,14.19
"898",-0.749773760755129,-0.935905467562669,898,8.05
"899",1.10524897312625,0.584094635896833,899,19.97
"900",-0.641782441481207,-0.502066487968103,900,14.02
"901",0.322922388133308,-0.115990017454754,901,15.71
"902",0.465253767427672,0.220217128269516,902,14.63
"903",-0.371323572400529,0.190728867355174,903,19.37
"904",-1.33299664560446,-0.438762260512106,904,10.61
"905",-0.209907015465573,-0.0625401528606999,905,10.74
"906",-0.0616372027188065,-0.256138527833438,906,10.42
"907",-1.81234417866714,-1.06431922765532,907,9.49
"908",-0.733590411721737,-0.511732631219239,908,10.68
"909",1.03966987595575,0.622642162560415,909,17.49
"910",1.04816059971654,0.861611057513886,910,18.57
"911",0.261903113061684,0.194035020665459,911,16.81
"912",-0.884489397843769,-0.601806764595257,912,8.56
"913",0.155441877400537,0.25804795344722,913,21.05
"914",0.679290941542514,0.695960550909722,914,17.46
"915",-1.42128484223674,-0.741844618963203,915,8.68
"916",0.886986970505863,0.828306121437056,916,15.35
"917",-0.587254064880447,-0.515762456481945,917,10.38
"918",-1.83532205958083,-0.994666509630449,918,9.36
"919",0.951327264588521,0.497712980500108,919,13.68
"920",-0.130038938003707,-0.0834219531258923,920,13.07
"921",-1.02351237177826,-0.690525876776715,921,9.04
"922",-0.140854484148009,0.0597760574597927,922,13.01
"923",-0.689937725125539,-0.405725120293724,923,11.73
"924",-0.141971294185358,0.0536794168920167,924,10.08
"925",0.345152700387675,0.240079855285192,925,18.49
"926",-0.785759035268464,-0.536818027749074,926,9.25
"927",0.218722655700904,0.246128691930021,927,10.83
"928",-0.148890439143773,-0.106121054430501,928,12.99
"929",-1.17724774875711,-0.751731649117992,929,15.81
"930",0.292035514882226,0.500495278250312,930,20.87
"931",0.145146291801827,0.17063385950456,931,13.05
"932",0.471940956774902,0.265720301428631,932,17.57
"933",0.469761064209223,0.390410233720012,933,12.19
"934",-0.532386777851463,-0.439407107910598,934,10.48
"935",0.398058460149428,0.483288088414317,935,18.63
"936",1.1179564509515,0.605211853298113,936,18.91
"937",-0.546898071690207,-0.492007513484373,937,9.85
"938",-1.02393302265612,-0.821887564943461,938,10.63
"939",0.447843466887207,0.224796157670096,939,10.45
"940",0.835485635010501,0.238189162027462,940,14.89
"941",0.619093517122075,0.463685531799617,941,15.21
"942",0.691832500476842,0.392265143787641,942,13.37
"943",-0.362256537400321,0.249331413300212,943,19.89
"944",0.206215393615987,0.228337363967265,944,19.28
"945",0.483328189609382,0.15352788902771,945,14.25
"946",-0.241006347385686,-0.17827419124529,946,14.27
"947",-0.596095651411276,-0.918449239945811,947,10.7
"948",0.480273109022322,0.437395973031883,948,16.5
"949",0.880377975138419,0.72854484132231,949,16.17
"950",-0.91369809883539,-0.810742632743627,950,10.99
"951",0.308944115289233,-0.112496153938516,951,14.78
"952",1.12302985566617,0.569930996584691,952,14.98
"953",-0.928036197809254,-0.506127745713577,953,9.21
"954",-0.0185542448815314,-0.249966861581251,954,12.38
"955",0.829630572193089,0.648955482708629,955,15.31
"956",1.12740516218551,0.446891659886802,956,14.85
"957",-1.30380490529745,-0.929570100995643,957,9.45
"958",1.03617804233152,0.865078864035494,958,14.69
"959",-0.730863296408421,-0.683985706133212,959,9.57
"960",-0.299926890781886,-0.370358236668257,960,14.37
"961",1.32832858712039,1.1670225446924,961,18.65
"962",-0.628899502914938,-0.193363728430967,962,11.01
"963",-0.585936298440539,-0.703953816556619,963,8.71
"964",0.295979086420919,-0.136961484765234,964,19.1
"965",-0.192985442509182,0.446141836825908,965,14.51
"966",0.846454657069611,0.625508942866337,966,12.15
"967",-1.64799077410706,-1.02653348448233,967,8.07
"968",-0.620997175408491,-0.468889580302606,968,8.33
"969",0.363988752977981,-0.0279928455792405,969,17.18
"970",1.10112420200333,0.933164008792849,970,16.93
"971",-0.103666892546633,-0.0205604086713227,971,10.51
"972",0.536746381238096,0.561349453462975,972,18.02
"973",0.486997092567645,0.455394283087422,973,20.78
"974",-0.615347077280943,-0.355757015780636,974,14.11
"975",0.759361153355318,0.544774682663556,975,16.87
"976",0.877195830811115,0.572641542018357,976,17.79
"977",-0.537311387150231,-0.273669561258859,977,9.54
"978",0.295503151306652,-0.154953432510263,978,13.71
"979",-0.653906100080521,-0.307535763057814,979,10.63
"980",0.366527242691066,-0.112031523549758,980,21.05
"981",-0.386442529966911,-0.427397290276512,981,8.62
"982",0.653786958749145,0.406686334133189,982,13.58
"983",0.0675702869487564,-0.0384095499498248,983,10
"984",0.613375380488054,0.685802782615048,984,14.14
"985",-0.0304822965875928,0.147117986385165,985,13.99
"986",0.218549733135455,-0.0722232743937118,986,9.99
"987",0.651898836828265,0.203476169019806,987,17.7
"988",1.34771234002022,0.533901570479362,988,21.98
"989",-0.98197390017611,-0.518122702014717,989,9.81
"990",0.566170940063858,0.599474315387476,990,17.63
"991",-0.782031857537655,-0.723259247337219,991,8.1
"992",-0.154277680307742,0.101548673660661,992,14.92
"993",0.587221612075687,-0.0418793778356347,993,21.3
"994",-0.463950686648664,-0.118099817827248,994,11.41
"995",-0.527748004751042,-0.431945306417092,995,14.11
"996",-0.181999620837633,-0.281736890863233,996,21.3
"997",1.07401186504629,0.564707113753686,997,21.4
"998",0.414402499874039,-0.0934744208076194,998,20.01
"999",0.517892841571282,0.209037123479576,999,13.86
"1000",-0.790635473220632,-0.767906006654372,1000,9.52
"1001",-0.182942676113801,-0.359045847054985,1001,13.04
"1002",-0.0677390028324946,0.480096686339747,1002,14.6
"1003",-0.972543060040702,-0.86188708709587,1003,9.83
"1004",0.537167811284238,0.185724360186687,1004,15.95
"1005",-0.567237323173165,0.0151750149504125,1005,8.13
"1006",0.414163926974512,-0.072511142987279,1006,18.94
"1007",-0.448102519700429,-0.341154657317682,1007,14.66
"1008",-0.312631149413733,-0.26758835432274,1008,11.78
"1009",0.826382740765246,0.497857655541731,1009,14.83
"1010",-0.663793690763647,-0.703348399234767,1010,10.84
"1011",1.16514400197202,0.471248001671816,1011,16.36
"1012",-0.0817882134772209,0.223597840382526,1012,19.51
"1013",-1.30241001473436,-0.422042338739922,1013,8.55
"1014",0.520865924483498,0.137294022485227,1014,14.65
"1015",0.931103189741605,0.459089848591,1015,21.68
"1016",-0.0944158570542378,0.161199687306852,1016,11.64
"1017",-0.0815296328716067,0.0560516773608392,1017,11.94
"1018",-0.834200481038735,-0.748344643704114,1018,12.28
"1019",-0.419280879079357,-0.242511705266694,1019,8.91
"1020",0.26097490671275,0.396953161867464,1020,16.57
"1021",0.541295370081597,0.531529075622262,1021,20.14
"1022",0.665907441742168,0.915922822535791,1022,15.25
"1023",-0.098716163183721,0.0129421895301925,1023,12.79
"1024",0.368943410969158,0.310020055570159,1024,13.29
"1025",0.0110564175024809,0.0927389167790141,1025,13.14
"1026",1.19549514742851,0.640131036019213,1026,21.44
"1027",-0.227402195847471,-0.0790497761202664,1027,17.79
"1028",0.733369595224844,0.671562387952185,1028,16.33
"1029",-0.178931445045667,-0.133956983757917,1029,12.07
"1030",0.0246260335693122,-0.0388637026990242,1030,12.27
"1031",-0.0950471906417809,-0.238304690266817,1031,10.99
"1032",-0.766159816183917,-0.330790706065332,1032,11.6
"1033",0.175432744813398,-0.0913514737085491,1033,17.46
"1034",0.212481771824169,0.37815656129827,1034,14.9
"1035",-1.54846314535292,-1.28193612205832,1035,11.26
"1036",-0.426656550643322,-0.20325911216883,1036,10.28
"1037",0.99890450454025,0.64087323609305,1037,16.48
"1038",-1.21643197439855,-0.719944359345936,1038,9.61
"1039",-0.452027345112917,-0.0429981261939704,1039,11.33
"1040",-0.894799535284576,-0.379853592597636,1040,9.18
"1041",0.846879233117845,0.418364277679641,1041,21.2
"1042",-0.336314056435267,0.12007602543464,1042,18.8
"1043",0.0848824989561972,-0.585661814204746,1043,10.97
"1044",0.597626073081653,0.381669325826424,1044,14.6
"1045",0.886936582355824,0.394994638818195,1045,13.62
"1046",-0.147123821040872,0.0411543513054605,1046,15.97
"1047",1.05609967335237,0.694626491682348,1047,16.24
"1048",-0.282383421313275,0.102117054201207,1048,8.84
"1049",0.81450286051011,0.498116978323515,1049,19.75
